panel,order,label,value,value2,unit,note,source
kpi,1,Gross domestic product,18800,,EUR bn,"Current prices, 2025. Eurostat flags the year as an estimate. 1 PPS equals 1 euro for the EU, so the same figure serves in purchasing power standards.","Eurostat wdn-20260806-1, dataset nama_10_gdp"
kpi,2,Population,452.0,,million,"1 January 2026, estimated. Up 706,000 on a year earlier.","Eurostat ddn-20260710-3 (10 July 2026), dataset demo_gind"
kpi,3,In the euro area,21,27,member states,Bulgaria joined on 1 January 2026 and is the twenty-first.,"European Commission IP/25/1386; European Central Bank"
kpi,4,HICP inflation,2.9,,%,"June 2026, down from 3.3% in May. The euro area read 2.8%.","Eurostat 2-17072026-ap (17 July 2026), dataset prc_hicp_manr"
kpi,5,Unemployment,6.0,,%,"June 2026, seasonally adjusted — 13.317 million people. The euro area read 6.3%. Stable both month on month and year on year.","Eurostat 3-30072026-bp (30 July 2026), dataset une_rt_m"
kpi,6,ECB deposit facility rate,2.25,,%,"Raised 25 basis points on 11 June 2026, effective 17 June — the first rise after the 2025 cutting cycle — and held on 23 July. Main refinancing 2.40%, marginal lending 2.65%.",European Central Bank monetary policy decisions
trade,1,Intra-EU trade in goods,4142.9,,EUR bn,What member states sell to each other. Reported on the dispatches basis and counted once here.,"Eurostat 6-13022026-bp (13 February 2026), EU27, full-year 2025, provisional"
trade,2,Extra-EU exports of goods,2645.0,,EUR bn,What the Union as a whole sells to the rest of the world.,"Eurostat 6-13022026-bp, EU27, full-year 2025, provisional"
trade,3,Extra-EU imports of goods,2511.5,,EUR bn,What it buys from the rest of the world. The extra-EU goods balance is a surplus of EUR 133.5bn.,"Eurostat 6-13022026-bp, EU27, full-year 2025, provisional"
partner,1,United States,554612,356231,EUR m,"The largest partner on both flows combined, and the EU's largest surplus: EUR 198.4bn.","DG TRADE factsheet, Eurostat COMEXT statistical regime 4, extracted 20 May 2026"
partner,2,China,199432,559990,EUR m,"The largest single source of imports, and the EU's largest deficit by a wide margin: EUR 360.6bn.","DG TRADE factsheet, COMEXT extracted 20 May 2026"
partner,3,United Kingdom,345349,158730,EUR m,"Still the third largest partner six years after leaving, and the second largest destination for EU exports.","DG TRADE factsheet, COMEXT extracted 20 May 2026"
partner,4,Switzerland,219424,143167,EUR m,"A country of 9 million is the EU's fourth largest goods partner — larger than Japan and South Korea combined.","DG TRADE factsheet, COMEXT extracted 20 May 2026"
partner,5,Türkiye,114174,103328,EUR m,In a customs union with the EU for industrial goods since 1995.,"DG TRADE factsheet, COMEXT extracted 20 May 2026"
partner,6,Norway,64004,95685,EUR m,"The EU imports considerably more from Norway than it sells there — energy is most of the difference.","DG TRADE factsheet, COMEXT extracted 20 May 2026"
partner,7,Japan,65750,63328,EUR m,Close to balanced.,"DG TRADE factsheet, COMEXT extracted 20 May 2026"
partner,8,South Korea,54533,69733,EUR m,,"DG TRADE factsheet, COMEXT extracted 20 May 2026"
partner,9,India,,69477,EUR m,"Import value only. The factsheet table does not carry India's export figure, so the bar shows imports and the total is stated separately as EUR 118.4bn.","DG TRADE factsheet, COMEXT extracted 20 May 2026"
partner,10,Brazil,,,EUR m,"Neither flow is in the extracted table. Total trade EUR 87.1bn.","DG TRADE factsheet, COMEXT extracted 20 May 2026"
world,1,EU share of world exports,17.0,,%,"2024, goods and services at current prices. China 14.4%, up from 12.5% in 2014.","Eurostat, World trade in goods and services — an overview (Eurostat and IMF balance of payments)"
world,2,EU share of world imports,15.1,,%,"2024. The United States reads 16.1%, up from 15.0% in 2014; China 12.7%.","Eurostat, World trade in goods and services — an overview"
world,3,EU international trade as a share of EU GDP,21.4,,%,2024.,"Eurostat, World trade in goods and services — an overview"
world,4,EU share of world GDP,15.2,,%,"2021, in purchasing power standards, from the World Bank's 2021 International Comparison Program round. China 18.9%, the United States 15.5%. This is the only credited share-of-world-GDP figure that could be obtained; no recent current-price equivalent and no comparable figure for 2000 was found.","World Bank ICP 2021 round, reported by Eurostat ddn-20240530-2 (30 May 2024)"
