iso3,date,sort_year,label,description,kind,source
AUT,17 Jul 1989,1989.50,Membership application,Austria applied for membership of the European Communities,political,European Commission
AUT,1 Feb 1993,1993.08,Accession negotiations opened,Accession negotiations opened together with Sweden and Finland,era,European Commission
AUT,12 Jun 1994,1994.42,Accession referendum,66.6% voted yes on a turnout of 82.3%,political,national electoral commission
AUT,24 Jun 1994,1994.42,Accession treaty signed,Signed the Treaty of Accession in Corfu alongside Finland Sweden and Norway,legal,Council of the EU
AUT,1 Jan 1995,1995.00,EU accession,Became a member state of the European Union,era,European Commission
AUT,1 Dec 1997,1997.92,Schengen entry,Border checks began to be lifted under the Schengen acquis,legal,European Commission
AUT,1 Jan 1999,1999.00,Euro adopted,Founding member of the euro area when the euro was introduced as scriptural currency,economic,ECB
BEL,25 Mar 1957,1957.17,Treaty of Rome signed,The six founding states signed the Treaty establishing the European Economic Community in Rome,legal,EUR-Lex
BEL,1 Jan 1958,1958.00,EEC treaties enter into force,Founding member of the European Economic Community when the Treaty of Rome took effect,era,EUR-Lex
BEL,14 Jun 1985,1985.42,Schengen Agreement signed,Original signatory of the Schengen Agreement at Schengen in Luxembourg,legal,EUR-Lex
BEL,26 Mar 1995,1995.17,Schengen area opens,Internal border checks abolished when the Schengen Convention began to apply,legal,European Commission
BEL,1 Jan 1999,1999.00,Euro adopted,Founding member of the euro area when the euro was introduced as scriptural currency,economic,ECB
BEL,1 Jan 2002,2002.00,Euro cash introduced,Euro banknotes and coins entered circulation and replaced the national currency,economic,ECB
BGR,14 Dec 1995,1995.92,Membership application,Bulgaria applied for membership of the European Union,political,European Commission
BGR,15 Feb 2000,2000.08,Accession negotiations opened,Accession negotiations formally opened as part of the Helsinki group,era,European Commission
BGR,25 Apr 2005,2005.25,Accession treaty signed,Signed the 2005 Treaty of Accession in Luxembourg,legal,EUR-Lex
BGR,1 Jan 2007,2007.00,EU accession,Became a member state of the European Union alongside Romania,era,European Commission
BGR,31 Mar 2024,2024.17,Schengen partial entry,Air and sea border checks lifted while land borders remained controlled,legal,Council of the EU
BGR,1 Jan 2025,2025.00,Schengen land borders,Land border checks with Romania and Hungary lifted completing Schengen accession,legal,Council of the EU
BGR,1 Jan 2026,2026.00,Euro adopted,Became the 21st euro area member at a fixed rate of 1.95583 lev per euro,economic,Council of the EU
HRV,21 Feb 2003,2003.08,Membership application,Croatia applied for membership of the European Union,political,European Commission
HRV,3 Oct 2005,2005.75,Accession negotiations opened,Accession negotiations formally opened,era,European Commission
HRV,9 Dec 2011,2011.92,Accession treaty signed,Signed the Treaty of Accession in Brussels,legal,EUR-Lex
HRV,22 Jan 2012,2012.00,Accession referendum,66.7% voted yes on a turnout of 43.5%,political,national electoral commission
HRV,1 Jul 2013,2013.50,EU accession,Became the 28th member state of the European Union,era,European Commission
HRV,1 Jan 2023,2023.00,Euro adopted,Replaced the kuna with the euro on the same day it entered Schengen,economic,ECB
HRV,1 Jan 2023,2023.00,Schengen entry,Land and sea border checks lifted; air borders followed on 26 March 2023,legal,European Commission
CYP,3 Jul 1990,1990.50,Membership application,Cyprus applied for accession to the European Communities,political,CVCE historical archive
CYP,31 Mar 1998,1998.17,Accession negotiations opened,Accession negotiations formally opened as part of the Luxembourg group,era,European Commission
CYP,16 Apr 2003,2003.25,Accession treaty signed,Signed the 2003 Treaty of Accession in Athens,legal,EUR-Lex
CYP,1 May 2004,2004.33,EU accession,Became a member state of the European Union in the largest single enlargement,era,European Commission
CYP,1 Jan 2008,2008.00,Euro adopted,Replaced the Cypriot pound with the euro,economic,ECB
CYP,Jul 2023,2023.50,Schengen Information System,Connected to the Schengen Information System; full Schengen accession still pending because of the Cyprus dispute,warn,European Commission
CZE,17 Jan 1996,1996.00,Membership application,The Czech Republic applied for membership of the European Union,political,European Commission
CZE,31 Mar 1998,1998.17,Accession negotiations opened,Accession negotiations formally opened as part of the Luxembourg group,era,European Commission
CZE,16 Apr 2003,2003.25,Accession treaty signed,Signed the 2003 Treaty of Accession in Athens,legal,EUR-Lex
CZE,14 Jun 2003,2003.42,Accession referendum,77.3% voted yes on a turnout of 55.2% in a two day vote,political,national electoral commission
CZE,1 May 2004,2004.33,EU accession,Became a member state of the European Union in the largest single enlargement,era,European Commission
CZE,21 Dec 2007,2007.92,Schengen entry,Land and sea border checks lifted; air borders followed on 30 March 2008,legal,European Commission
DNK,10 Aug 1961,1961.58,Membership application,Denmark applied for membership of the European Communities,political,European Parliament
DNK,30 Jun 1970,1970.42,Accession negotiations opened,Accession negotiations with the European Communities formally opened in Luxembourg,era,European Parliament
DNK,22 Jan 1972,1972.00,Accession treaty signed,Signed the Treaty of Accession at the Egmont Palace in Brussels,legal,European Parliament
DNK,2 Oct 1972,1972.75,Accession referendum,63.3% voted yes on a turnout of 90.1%,political,national electoral commission
DNK,1 Jan 1973,1973.00,EC accession,Became a member of the European Communities in the first enlargement,era,European Commission
DNK,25 Mar 2001,2001.17,Schengen entry,Schengen acquis fully applied to Denmark Finland Sweden Iceland and Norway,legal,Council of the EU
EST,31 Mar 1998,1998.17,Accession negotiations opened,Accession negotiations formally opened as part of the Luxembourg group,era,European Commission
EST,16 Apr 2003,2003.25,Accession treaty signed,Signed the 2003 Treaty of Accession in Athens,legal,EUR-Lex
EST,14 Sep 2003,2003.67,Accession referendum,66.8% voted yes on a turnout of 64.1%,political,national electoral commission
EST,1 May 2004,2004.33,EU accession,Became a member state of the European Union in the largest single enlargement,era,European Commission
EST,21 Dec 2007,2007.92,Schengen entry,Land and sea border checks lifted; air borders followed on 30 March 2008,legal,European Commission
EST,1 Jan 2011,2011.00,Euro adopted,Replaced the kroon with the euro as the first Baltic state to join the euro area,economic,ECB
FIN,18 Mar 1992,1992.17,Membership application,Finland applied for membership of the European Communities,political,European Commission
FIN,1 Feb 1993,1993.08,Accession negotiations opened,Accession negotiations opened together with Austria and Sweden,era,European Commission
FIN,24 Jun 1994,1994.42,Accession treaty signed,Signed the Treaty of Accession in Corfu alongside Finland Sweden and Norway,legal,Council of the EU
FIN,16 Oct 1994,1994.75,Accession referendum,56.9% voted yes on a turnout of 70.8%,political,national electoral commission
FIN,1 Jan 1995,1995.00,EU accession,Became a member state of the European Union,era,European Commission
FIN,1 Jan 1999,1999.00,Euro adopted,Founding member of the euro area when the euro was introduced as scriptural currency,economic,ECB
FIN,25 Mar 2001,2001.17,Schengen entry,Schengen acquis fully applied to Denmark Finland Sweden Iceland and Norway,legal,Council of the EU
FRA,25 Mar 1957,1957.17,Treaty of Rome signed,The six founding states signed the Treaty establishing the European Economic Community in Rome,legal,EUR-Lex
FRA,1 Jan 1958,1958.00,EEC treaties enter into force,Founding member of the European Economic Community when the Treaty of Rome took effect,era,EUR-Lex
FRA,14 Jun 1985,1985.42,Schengen Agreement signed,Original signatory of the Schengen Agreement at Schengen in Luxembourg,legal,EUR-Lex
FRA,26 Mar 1995,1995.17,Schengen area opens,Internal border checks abolished when the Schengen Convention began to apply,legal,European Commission
FRA,1 Jan 1999,1999.00,Euro adopted,Founding member of the euro area when the euro was introduced as scriptural currency,economic,ECB
FRA,1 Jan 2002,2002.00,Euro cash introduced,Euro banknotes and coins entered circulation and replaced the national currency,economic,ECB
DEU,25 Mar 1957,1957.17,Treaty of Rome signed,The six founding states signed the Treaty establishing the European Economic Community in Rome,legal,EUR-Lex
DEU,1 Jan 1958,1958.00,EEC treaties enter into force,Founding member of the European Economic Community when the Treaty of Rome took effect,era,EUR-Lex
DEU,14 Jun 1985,1985.42,Schengen Agreement signed,Original signatory of the Schengen Agreement at Schengen in Luxembourg,legal,EUR-Lex
DEU,26 Mar 1995,1995.17,Schengen area opens,Internal border checks abolished when the Schengen Convention began to apply,legal,European Commission
DEU,1 Jan 1999,1999.00,Euro adopted,Founding member of the euro area when the euro was introduced as scriptural currency,economic,ECB
DEU,1 Jan 2002,2002.00,Euro cash introduced,Euro banknotes and coins entered circulation and replaced the national currency,economic,ECB
GRC,12 Jun 1975,1975.42,Membership application,Greece applied for accession to the European Communities,political,CVCE historical archive
GRC,27 Jul 1976,1976.50,Accession negotiations opened,Accession negotiations with the European Communities formally opened,era,European Commission
GRC,28 May 1979,1979.33,Accession treaty signed,Signed the Treaty of Accession in Athens,legal,EUR-Lex
GRC,1 Jan 1981,1981.00,EC accession,Became the tenth member of the European Communities,era,European Commission
GRC,26 Mar 2000,2000.17,Schengen entry,Internal border checks lifted under the Schengen acquis,legal,European Commission
GRC,1 Jan 2001,2001.00,Euro adopted,Replaced the drachma with the euro two years after the euro area was created,economic,ECB
HUN,31 Mar 1994,1994.17,Membership application,Hungary applied for membership of the European Union,political,European Commission
HUN,31 Mar 1998,1998.17,Accession negotiations opened,Accession negotiations formally opened as part of the Luxembourg group,era,European Commission
HUN,16 Apr 2003,2003.25,Accession treaty signed,Signed the 2003 Treaty of Accession in Athens,legal,EUR-Lex
HUN,12 Apr 2003,2003.25,Accession referendum,83.8% voted yes on a turnout of 45.6%,political,national electoral commission
HUN,1 May 2004,2004.33,EU accession,Became a member state of the European Union in the largest single enlargement,era,European Commission
HUN,21 Dec 2007,2007.92,Schengen entry,Land and sea border checks lifted; air borders followed on 30 March 2008,legal,European Commission
IRL,31 Jul 1961,1961.50,Membership application,Ireland applied for membership of the European Communities,political,European Parliament
IRL,30 Jun 1970,1970.42,Accession negotiations opened,Accession negotiations with the European Communities formally opened in Luxembourg,era,European Parliament
IRL,22 Jan 1972,1972.00,Accession treaty signed,Signed the Treaty of Accession at the Egmont Palace in Brussels,legal,European Parliament
IRL,10 May 1972,1972.33,Accession referendum,83.1% voted yes on a turnout of 70.9%,political,national electoral commission
IRL,1 Jan 1973,1973.00,EC accession,Became a member of the European Communities in the first enlargement,era,European Commission
IRL,1 Jan 1999,1999.00,Euro adopted,Founding member of the euro area when the euro was introduced as scriptural currency,economic,ECB
IRL,1 Jan 2021,2021.00,Schengen partial participation,Ireland stays outside the passport free area to keep the Common Travel Area; it joined the Schengen Information System for law enforcement,legal,European Commission
ITA,25 Mar 1957,1957.17,Treaty of Rome signed,The six founding states signed the Treaty establishing the European Economic Community in Rome,legal,EUR-Lex
ITA,1 Jan 1958,1958.00,EEC treaties enter into force,Founding member of the European Economic Community when the Treaty of Rome took effect,era,EUR-Lex
ITA,26 Oct 1997,1997.75,Schengen entry,Internal border checks with the Schengen states were lifted,legal,European Commission
ITA,1 Jan 1999,1999.00,Euro adopted,Founding member of the euro area when the euro was introduced as scriptural currency,economic,ECB
ITA,1 Jan 2002,2002.00,Euro cash introduced,Euro banknotes and coins entered circulation and replaced the national currency,economic,ECB
LVA,15 Feb 2000,2000.08,Accession negotiations opened,Accession negotiations formally opened as part of the Helsinki group,era,European Commission
LVA,16 Apr 2003,2003.25,Accession treaty signed,Signed the 2003 Treaty of Accession in Athens,legal,EUR-Lex
LVA,20 Sep 2003,2003.67,Accession referendum,67.5% voted yes on a turnout of 71.5%,political,national electoral commission
LVA,1 May 2004,2004.33,EU accession,Became a member state of the European Union in the largest single enlargement,era,European Commission
LVA,21 Dec 2007,2007.92,Schengen entry,Land and sea border checks lifted; air borders followed on 30 March 2008,legal,European Commission
LVA,1 Jan 2014,2014.00,Euro adopted,Replaced the lats with the euro,economic,ECB
LTU,8 Dec 1995,1995.92,Membership application,Lithuania applied for membership of the European Union,political,European Commission
LTU,15 Feb 2000,2000.08,Accession negotiations opened,Accession negotiations formally opened as part of the Helsinki group,era,European Commission
LTU,16 Apr 2003,2003.25,Accession treaty signed,Signed the 2003 Treaty of Accession in Athens,legal,EUR-Lex
LTU,11 May 2003,2003.33,Accession referendum,91.9% voted yes on a turnout of 63.4% in a two day vote,political,national electoral commission
LTU,1 May 2004,2004.33,EU accession,Became a member state of the European Union in the largest single enlargement,era,European Commission
LTU,21 Dec 2007,2007.92,Schengen entry,Land and sea border checks lifted; air borders followed on 30 March 2008,legal,European Commission
LTU,1 Jan 2015,2015.00,Euro adopted,Replaced the litas with the euro as the last Baltic state to join the euro area,economic,ECB
LUX,25 Mar 1957,1957.17,Treaty of Rome signed,The six founding states signed the Treaty establishing the European Economic Community in Rome,legal,EUR-Lex
LUX,1 Jan 1958,1958.00,EEC treaties enter into force,Founding member of the European Economic Community when the Treaty of Rome took effect,era,EUR-Lex
LUX,14 Jun 1985,1985.42,Schengen Agreement signed,Original signatory of the Schengen Agreement at Schengen in Luxembourg,legal,EUR-Lex
LUX,26 Mar 1995,1995.17,Schengen area opens,Internal border checks abolished when the Schengen Convention began to apply,legal,European Commission
LUX,1 Jan 1999,1999.00,Euro adopted,Founding member of the euro area when the euro was introduced as scriptural currency,economic,ECB
LUX,1 Jan 2002,2002.00,Euro cash introduced,Euro banknotes and coins entered circulation and replaced the national currency,economic,ECB
MLT,15 Feb 2000,2000.08,Accession negotiations opened,Accession negotiations formally opened as part of the Helsinki group,era,European Commission
MLT,8 Mar 2003,2003.17,Accession referendum,53.6% voted yes on a turnout of 90.9%,political,national electoral commission
MLT,16 Apr 2003,2003.25,Accession treaty signed,Signed the 2003 Treaty of Accession in Athens,legal,EUR-Lex
MLT,1 May 2004,2004.33,EU accession,Became a member state of the European Union in the largest single enlargement,era,European Commission
MLT,21 Dec 2007,2007.92,Schengen entry,Land and sea border checks lifted; air borders followed on 30 March 2008,legal,European Commission
MLT,1 Jan 2008,2008.00,Euro adopted,Replaced the Maltese lira with the euro,economic,ECB
NLD,25 Mar 1957,1957.17,Treaty of Rome signed,The six founding states signed the Treaty establishing the European Economic Community in Rome,legal,EUR-Lex
NLD,1 Jan 1958,1958.00,EEC treaties enter into force,Founding member of the European Economic Community when the Treaty of Rome took effect,era,EUR-Lex
NLD,14 Jun 1985,1985.42,Schengen Agreement signed,Original signatory of the Schengen Agreement at Schengen in Luxembourg,legal,EUR-Lex
NLD,26 Mar 1995,1995.17,Schengen area opens,Internal border checks abolished when the Schengen Convention began to apply,legal,European Commission
NLD,1 Jan 1999,1999.00,Euro adopted,Founding member of the euro area when the euro was introduced as scriptural currency,economic,ECB
NLD,1 Jan 2002,2002.00,Euro cash introduced,Euro banknotes and coins entered circulation and replaced the national currency,economic,ECB
POL,5 Apr 1994,1994.25,Membership application,Poland applied for membership of the European Union,political,European Commission
POL,31 Mar 1998,1998.17,Accession negotiations opened,Accession negotiations formally opened as part of the Luxembourg group,era,European Commission
POL,16 Apr 2003,2003.25,Accession treaty signed,Signed the 2003 Treaty of Accession in Athens,legal,EUR-Lex
POL,8 Jun 2003,2003.42,Accession referendum,77.5% voted yes on a turnout of 58.9% in a two day vote,political,national electoral commission
POL,1 May 2004,2004.33,EU accession,Became a member state of the European Union in the largest single enlargement,era,European Commission
POL,21 Dec 2007,2007.92,Schengen entry,Land and sea border checks lifted; air borders followed on 30 March 2008,legal,European Commission
PRT,28 Mar 1977,1977.17,Membership application,Portugal applied for accession to the European Communities,political,European Commission
PRT,19 May 1978,1978.33,Accession negotiations opened,Accession negotiations with the European Communities formally opened,era,European Commission
PRT,12 Jun 1985,1985.42,Accession treaty signed,Signed the Treaty of Accession in Lisbon on the same day as Spain,legal,CVCE historical archive
PRT,1 Jan 1986,1986.00,EC accession,Joined the European Communities together with Spain,era,European Commission
PRT,26 Mar 1995,1995.17,Schengen area opens,Internal border checks abolished when the Schengen Convention began to apply,legal,European Commission
PRT,1 Jan 1999,1999.00,Euro adopted,Founding member of the euro area when the euro was introduced as scriptural currency,economic,ECB
ROU,22 Jun 1995,1995.42,Membership application,Romania applied for membership of the European Union,political,European Commission
ROU,15 Feb 2000,2000.08,Accession negotiations opened,Accession negotiations formally opened as part of the Helsinki group,era,European Commission
ROU,25 Apr 2005,2005.25,Accession treaty signed,Signed the 2005 Treaty of Accession in Luxembourg,legal,EUR-Lex
ROU,1 Jan 2007,2007.00,EU accession,Became a member state of the European Union alongside Bulgaria,era,European Commission
ROU,31 Mar 2024,2024.17,Schengen partial entry,Air and sea border checks lifted while land borders remained controlled,legal,Council of the EU
ROU,1 Jan 2025,2025.00,Schengen land borders,Land border checks lifted completing Schengen accession after 17 years of EU membership,legal,Council of the EU
SVK,27 Jun 1995,1995.42,Membership application,Slovakia applied for membership of the European Union,political,European Commission
SVK,15 Feb 2000,2000.08,Accession negotiations opened,Accession negotiations formally opened as part of the Helsinki group,era,European Commission
SVK,16 Apr 2003,2003.25,Accession treaty signed,Signed the 2003 Treaty of Accession in Athens,legal,EUR-Lex
SVK,17 May 2003,2003.33,Accession referendum,93.7% voted yes on a turnout of 52.1% in a two day vote,political,national electoral commission
SVK,1 May 2004,2004.33,EU accession,Became a member state of the European Union in the largest single enlargement,era,European Commission
SVK,21 Dec 2007,2007.92,Schengen entry,Land and sea border checks lifted; air borders followed on 30 March 2008,legal,European Commission
SVK,1 Jan 2009,2009.00,Euro adopted,Replaced the koruna with the euro as the first Visegrad state in the euro area,economic,ECB
SVN,10 Jun 1996,1996.42,Membership application,Slovenia applied for membership of the European Union,political,European Commission
SVN,31 Mar 1998,1998.17,Accession negotiations opened,Accession negotiations formally opened as part of the Luxembourg group,era,European Commission
SVN,23 Mar 2003,2003.17,Accession referendum,89.6% voted yes on a turnout of 60.2%,political,national electoral commission
SVN,16 Apr 2003,2003.25,Accession treaty signed,Signed the 2003 Treaty of Accession in Athens,legal,EUR-Lex
SVN,1 May 2004,2004.33,EU accession,Became a member state of the European Union in the largest single enlargement,era,European Commission
SVN,1 Jan 2007,2007.00,Euro adopted,First of the 2004 entrants to replace its currency with the euro,economic,ECB
SVN,21 Dec 2007,2007.92,Schengen entry,Land and sea border checks lifted; air borders followed on 30 March 2008,legal,European Commission
ESP,28 Jul 1977,1977.50,Membership application,Spain applied for accession to the European Communities after democratisation,political,European Commission
ESP,5 Feb 1979,1979.08,Accession negotiations opened,Accession negotiations with the European Communities formally opened,era,European Commission
ESP,12 Jun 1985,1985.42,Accession treaty signed,Signed the Treaty of Accession in Madrid on the same day as Portugal,legal,CVCE historical archive
ESP,1 Jan 1986,1986.00,EC accession,Joined the European Communities together with Portugal,era,European Commission
ESP,26 Mar 1995,1995.17,Schengen area opens,Internal border checks abolished when the Schengen Convention began to apply,legal,European Commission
ESP,1 Jan 1999,1999.00,Euro adopted,Founding member of the euro area when the euro was introduced as scriptural currency,economic,ECB
SWE,1 Jul 1991,1991.50,Membership application,Sweden applied for membership of the European Communities,political,European Commission
SWE,1 Feb 1993,1993.08,Accession negotiations opened,Accession negotiations opened together with Austria and Finland,era,European Commission
SWE,24 Jun 1994,1994.42,Accession treaty signed,Signed the Treaty of Accession in Corfu alongside Finland Sweden and Norway,legal,Council of the EU
SWE,13 Nov 1994,1994.83,Accession referendum,52.3% voted yes on a turnout of 83.3%,political,national electoral commission
SWE,1 Jan 1995,1995.00,EU accession,Became a member state of the European Union,era,European Commission
SWE,25 Mar 2001,2001.17,Schengen entry,Schengen acquis fully applied to Denmark Finland Sweden Iceland and Norway,legal,Council of the EU
GBR,30 Jun 1970,1970.42,Accession negotiations opened,Accession negotiations with the European Communities formally opened in Luxembourg,era,European Parliament
GBR,22 Jan 1972,1972.00,Accession treaty signed,Signed the Treaty of Accession at the Egmont Palace in Brussels,legal,European Parliament
GBR,1 Jan 1973,1973.00,EC accession,Became a member of the European Communities in the first enlargement,era,European Commission
GBR,5 Jun 1975,1975.42,Membership referendum,67.2% voted to stay in the European Communities on a turnout of 64.0%,political,national electoral commission
GBR,23 Jun 2016,2016.42,Brexit referendum,Leave won 51.89% against Remain on 48.11% on a turnout of 72.21%,warn,national electoral commission
GBR,29 Mar 2017,2017.17,Article 50 notified,The UK formally notified the European Council of its intention to withdraw under Article 50,warn,Council of the EU
GBR,31 Jan 2020,2020.00,EU withdrawal,The UK ceased to be a member state of the European Union at 23:00 GMT,warn,Council of the EU
GBR,31 Dec 2020,2020.92,Transition period ends,The post-Brexit transition period ended and the UK left the single market and customs union,warn,Council of the EU
