iso3,country,indicator_code,indicator_name,unit,year,value,source,retrieved
HRV,Croatia,BX.KLT.DINV.WD.GD.ZS,"Foreign direct investment, net inflows (% of GDP)",%,1992,0.122397069887752,World Bank Open Data,2026-07-27
HRV,Croatia,BX.KLT.DINV.WD.GD.ZS,"Foreign direct investment, net inflows (% of GDP)",%,1993,1.28055940790311,World Bank Open Data,2026-07-27
HRV,Croatia,BX.KLT.DINV.WD.GD.ZS,"Foreign direct investment, net inflows (% of GDP)",%,1994,0.759752677889016,World Bank Open Data,2026-07-27
HRV,Croatia,BX.KLT.DINV.WD.GD.ZS,"Foreign direct investment, net inflows (% of GDP)",%,1995,0.474495328041973,World Bank Open Data,2026-07-27
HRV,Croatia,BX.KLT.DINV.WD.GD.ZS,"Foreign direct investment, net inflows (% of GDP)",%,1996,2.0393300632941,World Bank Open Data,2026-07-27
HRV,Croatia,BX.KLT.DINV.WD.GD.ZS,"Foreign direct investment, net inflows (% of GDP)",%,1997,2.46745844738732,World Bank Open Data,2026-07-27
HRV,Croatia,BX.KLT.DINV.WD.GD.ZS,"Foreign direct investment, net inflows (% of GDP)",%,1998,3.87827135851735,World Bank Open Data,2026-07-27
HRV,Croatia,BX.KLT.DINV.WD.GD.ZS,"Foreign direct investment, net inflows (% of GDP)",%,1999,6.11828850381507,World Bank Open Data,2026-07-27
HRV,Croatia,BX.KLT.DINV.WD.GD.ZS,"Foreign direct investment, net inflows (% of GDP)",%,2000,4.58600703994628,World Bank Open Data,2026-07-27
HRV,Croatia,BX.KLT.DINV.WD.GD.ZS,"Foreign direct investment, net inflows (% of GDP)",%,2001,4.49453736192097,World Bank Open Data,2026-07-27
HRV,Croatia,BX.KLT.DINV.WD.GD.ZS,"Foreign direct investment, net inflows (% of GDP)",%,2002,3.66543741693173,World Bank Open Data,2026-07-27
HRV,Croatia,BX.KLT.DINV.WD.GD.ZS,"Foreign direct investment, net inflows (% of GDP)",%,2003,5.23888389777053,World Bank Open Data,2026-07-27
HRV,Croatia,BX.KLT.DINV.WD.GD.ZS,"Foreign direct investment, net inflows (% of GDP)",%,2004,3.14125847138829,World Bank Open Data,2026-07-27
HRV,Croatia,BX.KLT.DINV.WD.GD.ZS,"Foreign direct investment, net inflows (% of GDP)",%,2005,4.03158584721724,World Bank Open Data,2026-07-27
HRV,Croatia,BX.KLT.DINV.WD.GD.ZS,"Foreign direct investment, net inflows (% of GDP)",%,2006,6.74942720543925,World Bank Open Data,2026-07-27
HRV,Croatia,BX.KLT.DINV.WD.GD.ZS,"Foreign direct investment, net inflows (% of GDP)",%,2007,7.83566324230563,World Bank Open Data,2026-07-27
HRV,Croatia,BX.KLT.DINV.WD.GD.ZS,"Foreign direct investment, net inflows (% of GDP)",%,2008,7.66668932687836,World Bank Open Data,2026-07-27
HRV,Croatia,BX.KLT.DINV.WD.GD.ZS,"Foreign direct investment, net inflows (% of GDP)",%,2009,4.925903970572,World Bank Open Data,2026-07-27
HRV,Croatia,BX.KLT.DINV.WD.GD.ZS,"Foreign direct investment, net inflows (% of GDP)",%,2010,2.61983395656206,World Bank Open Data,2026-07-27
HRV,Croatia,BX.KLT.DINV.WD.GD.ZS,"Foreign direct investment, net inflows (% of GDP)",%,2011,1.98600142929806,World Bank Open Data,2026-07-27
HRV,Croatia,BX.KLT.DINV.WD.GD.ZS,"Foreign direct investment, net inflows (% of GDP)",%,2012,2.5458971283455,World Bank Open Data,2026-07-27
HRV,Croatia,BX.KLT.DINV.WD.GD.ZS,"Foreign direct investment, net inflows (% of GDP)",%,2013,1.59392354890083,World Bank Open Data,2026-07-27
HRV,Croatia,BX.KLT.DINV.WD.GD.ZS,"Foreign direct investment, net inflows (% of GDP)",%,2014,5.34791756323206,World Bank Open Data,2026-07-27
HRV,Croatia,BX.KLT.DINV.WD.GD.ZS,"Foreign direct investment, net inflows (% of GDP)",%,2015,0.958162552964542,World Bank Open Data,2026-07-27
HRV,Croatia,BX.KLT.DINV.WD.GD.ZS,"Foreign direct investment, net inflows (% of GDP)",%,2016,2.99037238331044,World Bank Open Data,2026-07-27
HRV,Croatia,BX.KLT.DINV.WD.GD.ZS,"Foreign direct investment, net inflows (% of GDP)",%,2017,3.24022473811694,World Bank Open Data,2026-07-27
HRV,Croatia,BX.KLT.DINV.WD.GD.ZS,"Foreign direct investment, net inflows (% of GDP)",%,2018,2.6691078382689,World Bank Open Data,2026-07-27
HRV,Croatia,BX.KLT.DINV.WD.GD.ZS,"Foreign direct investment, net inflows (% of GDP)",%,2019,6.47280555618669,World Bank Open Data,2026-07-27
HRV,Croatia,BX.KLT.DINV.WD.GD.ZS,"Foreign direct investment, net inflows (% of GDP)",%,2020,2.53925977136019,World Bank Open Data,2026-07-27
HRV,Croatia,BX.KLT.DINV.WD.GD.ZS,"Foreign direct investment, net inflows (% of GDP)",%,2021,7.42755621800021,World Bank Open Data,2026-07-27
HRV,Croatia,BX.KLT.DINV.WD.GD.ZS,"Foreign direct investment, net inflows (% of GDP)",%,2022,5.51627272111755,World Bank Open Data,2026-07-27
HRV,Croatia,BX.KLT.DINV.WD.GD.ZS,"Foreign direct investment, net inflows (% of GDP)",%,2023,3.90313322235581,World Bank Open Data,2026-07-27
HRV,Croatia,BX.KLT.DINV.WD.GD.ZS,"Foreign direct investment, net inflows (% of GDP)",%,2024,4.87790164584768,World Bank Open Data,2026-07-27
HRV,Croatia,FP.CPI.TOTL.ZG,"Inflation, consumer prices (annual %)",%,1990,500,World Bank Open Data,2026-07-27
HRV,Croatia,FP.CPI.TOTL.ZG,"Inflation, consumer prices (annual %)",%,1991,122.222222222222,World Bank Open Data,2026-07-27
HRV,Croatia,FP.CPI.TOTL.ZG,"Inflation, consumer prices (annual %)",%,1992,625.000000000001,World Bank Open Data,2026-07-27
HRV,Croatia,FP.CPI.TOTL.ZG,"Inflation, consumer prices (annual %)",%,1993,1500,World Bank Open Data,2026-07-27
HRV,Croatia,FP.CPI.TOTL.ZG,"Inflation, consumer prices (annual %)",%,1994,107.327586206896,World Bank Open Data,2026-07-27
HRV,Croatia,FP.CPI.TOTL.ZG,"Inflation, consumer prices (annual %)",%,1995,3.95010395010406,World Bank Open Data,2026-07-27
HRV,Croatia,FP.CPI.TOTL.ZG,"Inflation, consumer prices (annual %)",%,1996,4.29999999999993,World Bank Open Data,2026-07-27
HRV,Croatia,FP.CPI.TOTL.ZG,"Inflation, consumer prices (annual %)",%,1997,4.17066155321186,World Bank Open Data,2026-07-27
HRV,Croatia,FP.CPI.TOTL.ZG,"Inflation, consumer prices (annual %)",%,1998,6.39668660837555,World Bank Open Data,2026-07-27
HRV,Croatia,FP.CPI.TOTL.ZG,"Inflation, consumer prices (annual %)",%,1999,4.01913875598084,World Bank Open Data,2026-07-27
HRV,Croatia,FP.CPI.TOTL.ZG,"Inflation, consumer prices (annual %)",%,2000,4.61131554737801,World Bank Open Data,2026-07-27
HRV,Croatia,FP.CPI.TOTL.ZG,"Inflation, consumer prices (annual %)",%,2001,3.77670246665889,World Bank Open Data,2026-07-27
HRV,Croatia,FP.CPI.TOTL.ZG,"Inflation, consumer prices (annual %)",%,2002,1.67178437393384,World Bank Open Data,2026-07-27
HRV,Croatia,FP.CPI.TOTL.ZG,"Inflation, consumer prices (annual %)",%,2003,1.76733780760629,World Bank Open Data,2026-07-27
HRV,Croatia,FP.CPI.TOTL.ZG,"Inflation, consumer prices (annual %)",%,2004,2.05539679050328,World Bank Open Data,2026-07-27
HRV,Croatia,FP.CPI.TOTL.ZG,"Inflation, consumer prices (annual %)",%,2005,3.31717824448043,World Bank Open Data,2026-07-27
HRV,Croatia,FP.CPI.TOTL.ZG,"Inflation, consumer prices (annual %)",%,2006,3.18982591472949,World Bank Open Data,2026-07-27
HRV,Croatia,FP.CPI.TOTL.ZG,"Inflation, consumer prices (annual %)",%,2007,2.89928275583389,World Bank Open Data,2026-07-27
HRV,Croatia,FP.CPI.TOTL.ZG,"Inflation, consumer prices (annual %)",%,2008,6.07696838798352,World Bank Open Data,2026-07-27
HRV,Croatia,FP.CPI.TOTL.ZG,"Inflation, consumer prices (annual %)",%,2009,2.37852845904671,World Bank Open Data,2026-07-27
HRV,Croatia,FP.CPI.TOTL.ZG,"Inflation, consumer prices (annual %)",%,2010,1.03055505333576,World Bank Open Data,2026-07-27
HRV,Croatia,FP.CPI.TOTL.ZG,"Inflation, consumer prices (annual %)",%,2011,2.27272727272722,World Bank Open Data,2026-07-27
HRV,Croatia,FP.CPI.TOTL.ZG,"Inflation, consumer prices (annual %)",%,2012,3.41207349081368,World Bank Open Data,2026-07-27
HRV,Croatia,FP.CPI.TOTL.ZG,"Inflation, consumer prices (annual %)",%,2013,2.21658206429779,World Bank Open Data,2026-07-27
HRV,Croatia,FP.CPI.TOTL.ZG,"Inflation, consumer prices (annual %)",%,2014,-0.215196159576176,World Bank Open Data,2026-07-27
HRV,Croatia,FP.CPI.TOTL.ZG,"Inflation, consumer prices (annual %)",%,2015,-0.464499004645003,World Bank Open Data,2026-07-27
HRV,Croatia,FP.CPI.TOTL.ZG,"Inflation, consumer prices (annual %)",%,2016,-1.12500000000002,World Bank Open Data,2026-07-27
HRV,Croatia,FP.CPI.TOTL.ZG,"Inflation, consumer prices (annual %)",%,2017,1.12937210282347,World Bank Open Data,2026-07-27
HRV,Croatia,FP.CPI.TOTL.ZG,"Inflation, consumer prices (annual %)",%,2018,1.50012501041747,World Bank Open Data,2026-07-27
HRV,Croatia,FP.CPI.TOTL.ZG,"Inflation, consumer prices (annual %)",%,2019,0.771820346498112,World Bank Open Data,2026-07-27
HRV,Croatia,FP.CPI.TOTL.ZG,"Inflation, consumer prices (annual %)",%,2020,0.154811374562106,World Bank Open Data,2026-07-27
HRV,Croatia,FP.CPI.TOTL.ZG,"Inflation, consumer prices (annual %)",%,2021,2.55450699642041,World Bank Open Data,2026-07-27
HRV,Croatia,FP.CPI.TOTL.ZG,"Inflation, consumer prices (annual %)",%,2022,10.7805806758686,World Bank Open Data,2026-07-27
HRV,Croatia,FP.CPI.TOTL.ZG,"Inflation, consumer prices (annual %)",%,2023,7.94128177586822,World Bank Open Data,2026-07-27
HRV,Croatia,FP.CPI.TOTL.ZG,"Inflation, consumer prices (annual %)",%,2024,2.97200477643626,World Bank Open Data,2026-07-27
HRV,Croatia,FP.CPI.TOTL.ZG,"Inflation, consumer prices (annual %)",%,2025,3.69153459605729,World Bank Open Data,2026-07-27
HRV,Croatia,NE.EXP.GNFS.ZS,Exports of goods and services (% of GDP),%,1995,27.3097480274879,World Bank Open Data,2026-07-27
HRV,Croatia,NE.EXP.GNFS.ZS,Exports of goods and services (% of GDP),%,1996,30.3072303072303,World Bank Open Data,2026-07-27
HRV,Croatia,NE.EXP.GNFS.ZS,Exports of goods and services (% of GDP),%,1997,31.0432569974555,World Bank Open Data,2026-07-27
HRV,Croatia,NE.EXP.GNFS.ZS,Exports of goods and services (% of GDP),%,1998,29.135995583364,World Bank Open Data,2026-07-27
HRV,Croatia,NE.EXP.GNFS.ZS,Exports of goods and services (% of GDP),%,1999,30.1358196243668,World Bank Open Data,2026-07-27
HRV,Croatia,NE.EXP.GNFS.ZS,Exports of goods and services (% of GDP),%,2000,35.0886709785103,World Bank Open Data,2026-07-27
HRV,Croatia,NE.EXP.GNFS.ZS,Exports of goods and services (% of GDP),%,2001,37.1330952011182,World Bank Open Data,2026-07-27
HRV,Croatia,NE.EXP.GNFS.ZS,Exports of goods and services (% of GDP),%,2002,35.8907304661272,World Bank Open Data,2026-07-27
HRV,Croatia,NE.EXP.GNFS.ZS,Exports of goods and services (% of GDP),%,2003,35.5457842539397,World Bank Open Data,2026-07-27
HRV,Croatia,NE.EXP.GNFS.ZS,Exports of goods and services (% of GDP),%,2004,36.5623048791366,World Bank Open Data,2026-07-27
HRV,Croatia,NE.EXP.GNFS.ZS,Exports of goods and services (% of GDP),%,2005,36.4030844918604,World Bank Open Data,2026-07-27
HRV,Croatia,NE.EXP.GNFS.ZS,Exports of goods and services (% of GDP),%,2006,37.546214231451,World Bank Open Data,2026-07-27
HRV,Croatia,NE.EXP.GNFS.ZS,Exports of goods and services (% of GDP),%,2007,37.4647496648329,World Bank Open Data,2026-07-27
HRV,Croatia,NE.EXP.GNFS.ZS,Exports of goods and services (% of GDP),%,2008,35.9746536354849,World Bank Open Data,2026-07-27
HRV,Croatia,NE.EXP.GNFS.ZS,Exports of goods and services (% of GDP),%,2009,32.1015287508114,World Bank Open Data,2026-07-27
HRV,Croatia,NE.EXP.GNFS.ZS,Exports of goods and services (% of GDP),%,2010,35.5033044103763,World Bank Open Data,2026-07-27
HRV,Croatia,NE.EXP.GNFS.ZS,Exports of goods and services (% of GDP),%,2011,38.0508643396268,World Bank Open Data,2026-07-27
HRV,Croatia,NE.EXP.GNFS.ZS,Exports of goods and services (% of GDP),%,2012,38.7042039695475,World Bank Open Data,2026-07-27
HRV,Croatia,NE.EXP.GNFS.ZS,Exports of goods and services (% of GDP),%,2013,39.4700634681106,World Bank Open Data,2026-07-27
HRV,Croatia,NE.EXP.GNFS.ZS,Exports of goods and services (% of GDP),%,2014,42.4177587590265,World Bank Open Data,2026-07-27
HRV,Croatia,NE.EXP.GNFS.ZS,Exports of goods and services (% of GDP),%,2015,45.4314058216943,World Bank Open Data,2026-07-27
HRV,Croatia,NE.EXP.GNFS.ZS,Exports of goods and services (% of GDP),%,2016,46.6194340495312,World Bank Open Data,2026-07-27
HRV,Croatia,NE.EXP.GNFS.ZS,Exports of goods and services (% of GDP),%,2017,48.9161907825947,World Bank Open Data,2026-07-27
HRV,Croatia,NE.EXP.GNFS.ZS,Exports of goods and services (% of GDP),%,2018,49.1104429591895,World Bank Open Data,2026-07-27
HRV,Croatia,NE.EXP.GNFS.ZS,Exports of goods and services (% of GDP),%,2019,50.4917495355699,World Bank Open Data,2026-07-27
HRV,Croatia,NE.EXP.GNFS.ZS,Exports of goods and services (% of GDP),%,2020,41.2797572126754,World Bank Open Data,2026-07-27
HRV,Croatia,NE.EXP.GNFS.ZS,Exports of goods and services (% of GDP),%,2021,49.7866067908747,World Bank Open Data,2026-07-27
HRV,Croatia,NE.EXP.GNFS.ZS,Exports of goods and services (% of GDP),%,2022,59.5122239805954,World Bank Open Data,2026-07-27
HRV,Croatia,NE.EXP.GNFS.ZS,Exports of goods and services (% of GDP),%,2023,52.5673730204834,World Bank Open Data,2026-07-27
HRV,Croatia,NE.EXP.GNFS.ZS,Exports of goods and services (% of GDP),%,2024,50.1414353064432,World Bank Open Data,2026-07-27
HRV,Croatia,NE.EXP.GNFS.ZS,Exports of goods and services (% of GDP),%,2025,47.9720354934122,World Bank Open Data,2026-07-27
HRV,Croatia,NE.IMP.GNFS.ZS,Imports of goods and services (% of GDP),%,1995,35.4988546703996,World Bank Open Data,2026-07-27
HRV,Croatia,NE.IMP.GNFS.ZS,Imports of goods and services (% of GDP),%,1996,36.7463617463617,World Bank Open Data,2026-07-27
HRV,Croatia,NE.IMP.GNFS.ZS,Imports of goods and services (% of GDP),%,1997,43.8422391857506,World Bank Open Data,2026-07-27
HRV,Croatia,NE.IMP.GNFS.ZS,Imports of goods and services (% of GDP),%,1998,35.8483621641516,World Bank Open Data,2026-07-27
HRV,Croatia,NE.IMP.GNFS.ZS,Imports of goods and services (% of GDP),%,1999,36.1289165807522,World Bank Open Data,2026-07-27
HRV,Croatia,NE.IMP.GNFS.ZS,Imports of goods and services (% of GDP),%,2000,39.511788024202,World Bank Open Data,2026-07-27
HRV,Croatia,NE.IMP.GNFS.ZS,Imports of goods and services (% of GDP),%,2001,42.3047056996428,World Bank Open Data,2026-07-27
HRV,Croatia,NE.IMP.GNFS.ZS,Imports of goods and services (% of GDP),%,2002,45.2698165883309,World Bank Open Data,2026-07-27
HRV,Croatia,NE.IMP.GNFS.ZS,Imports of goods and services (% of GDP),%,2003,45.8965882466219,World Bank Open Data,2026-07-27
HRV,Croatia,NE.IMP.GNFS.ZS,Imports of goods and services (% of GDP),%,2004,45.0836975589451,World Bank Open Data,2026-07-27
HRV,Croatia,NE.IMP.GNFS.ZS,Imports of goods and services (% of GDP),%,2005,45.0899643459274,World Bank Open Data,2026-07-27
HRV,Croatia,NE.IMP.GNFS.ZS,Imports of goods and services (% of GDP),%,2006,45.9711319321347,World Bank Open Data,2026-07-27
HRV,Croatia,NE.IMP.GNFS.ZS,Imports of goods and services (% of GDP),%,2007,45.7953862512135,World Bank Open Data,2026-07-27
HRV,Croatia,NE.IMP.GNFS.ZS,Imports of goods and services (% of GDP),%,2008,46.1046074535496,World Bank Open Data,2026-07-27
HRV,Croatia,NE.IMP.GNFS.ZS,Imports of goods and services (% of GDP),%,2009,37.6010027530944,World Bank Open Data,2026-07-27
HRV,Croatia,NE.IMP.GNFS.ZS,Imports of goods and services (% of GDP),%,2010,37.1442701074495,World Bank Open Data,2026-07-27
HRV,Croatia,NE.IMP.GNFS.ZS,Imports of goods and services (% of GDP),%,2011,39.7330618207574,World Bank Open Data,2026-07-27
HRV,Croatia,NE.IMP.GNFS.ZS,Imports of goods and services (% of GDP),%,2012,40.3049719809783,World Bank Open Data,2026-07-27
HRV,Croatia,NE.IMP.GNFS.ZS,Imports of goods and services (% of GDP),%,2013,41.4495583862234,World Bank Open Data,2026-07-27
HRV,Croatia,NE.IMP.GNFS.ZS,Imports of goods and services (% of GDP),%,2014,42.7988767050013,World Bank Open Data,2026-07-27
HRV,Croatia,NE.IMP.GNFS.ZS,Imports of goods and services (% of GDP),%,2015,45.2203802810773,World Bank Open Data,2026-07-27
HRV,Croatia,NE.IMP.GNFS.ZS,Imports of goods and services (% of GDP),%,2016,45.5199091788252,World Bank Open Data,2026-07-27
HRV,Croatia,NE.IMP.GNFS.ZS,Imports of goods and services (% of GDP),%,2017,48.3290436740931,World Bank Open Data,2026-07-27
HRV,Croatia,NE.IMP.GNFS.ZS,Imports of goods and services (% of GDP),%,2018,49.9741463508053,World Bank Open Data,2026-07-27
HRV,Croatia,NE.IMP.GNFS.ZS,Imports of goods and services (% of GDP),%,2019,50.9033621097876,World Bank Open Data,2026-07-27
HRV,Croatia,NE.IMP.GNFS.ZS,Imports of goods and services (% of GDP),%,2020,48.2677755005518,World Bank Open Data,2026-07-27
HRV,Croatia,NE.IMP.GNFS.ZS,Imports of goods and services (% of GDP),%,2021,52.5410074901873,World Bank Open Data,2026-07-27
HRV,Croatia,NE.IMP.GNFS.ZS,Imports of goods and services (% of GDP),%,2022,65.8985698016654,World Bank Open Data,2026-07-27
HRV,Croatia,NE.IMP.GNFS.ZS,Imports of goods and services (% of GDP),%,2023,54.7104286111181,World Bank Open Data,2026-07-27
HRV,Croatia,NE.IMP.GNFS.ZS,Imports of goods and services (% of GDP),%,2024,54.7709679296898,World Bank Open Data,2026-07-27
HRV,Croatia,NE.IMP.GNFS.ZS,Imports of goods and services (% of GDP),%,2025,53.0142511427803,World Bank Open Data,2026-07-27
HRV,Croatia,NY.GDP.MKTP.CD,GDP (current US$),$,1990,25650213279.6781,World Bank Open Data,2026-07-27
HRV,Croatia,NY.GDP.MKTP.CD,GDP (current US$),$,1991,18760386774.7973,World Bank Open Data,2026-07-27
HRV,Croatia,NY.GDP.MKTP.CD,GDP (current US$),$,1992,10621169290.9986,World Bank Open Data,2026-07-27
HRV,Croatia,NY.GDP.MKTP.CD,GDP (current US$),$,1993,11259647874.4986,World Bank Open Data,2026-07-27
HRV,Croatia,NY.GDP.MKTP.CD,GDP (current US$),$,1994,15062911616.8222,World Bank Open Data,2026-07-27
HRV,Croatia,NY.GDP.MKTP.CD,GDP (current US$),$,1995,22772224146.1503,World Bank Open Data,2026-07-27
HRV,Croatia,NY.GDP.MKTP.CD,GDP (current US$),$,1996,24151469716.5173,World Bank Open Data,2026-07-27
HRV,Croatia,NY.GDP.MKTP.CD,GDP (current US$),$,1997,24175272571.5846,World Bank Open Data,2026-07-27
HRV,Croatia,NY.GDP.MKTP.CD,GDP (current US$),$,1998,25889813449.4579,World Bank Open Data,2026-07-27
HRV,Croatia,NY.GDP.MKTP.CD,GDP (current US$),$,1999,23776940769.2095,World Bank Open Data,2026-07-27
HRV,Croatia,NY.GDP.MKTP.CD,GDP (current US$),$,2000,22134069750.2586,World Bank Open Data,2026-07-27
HRV,Croatia,NY.GDP.MKTP.CD,GDP (current US$),$,2001,23067071477.8294,World Bank Open Data,2026-07-27
HRV,Croatia,NY.GDP.MKTP.CD,GDP (current US$),$,2002,26757633353.1909,World Bank Open Data,2026-07-27
HRV,Croatia,NY.GDP.MKTP.CD,GDP (current US$),$,2003,35244797328.5582,World Bank Open Data,2026-07-27
HRV,Croatia,NY.GDP.MKTP.CD,GDP (current US$),$,2004,41836096243.0481,World Bank Open Data,2026-07-27
HRV,Croatia,NY.GDP.MKTP.CD,GDP (current US$),$,2005,45012776905.5255,World Bank Open Data,2026-07-27
HRV,Croatia,NY.GDP.MKTP.CD,GDP (current US$),$,2006,49583643047.994,World Bank Open Data,2026-07-27
HRV,Croatia,NY.GDP.MKTP.CD,GDP (current US$),$,2007,59290547254.1358,World Bank Open Data,2026-07-27
HRV,Croatia,NY.GDP.MKTP.CD,GDP (current US$),$,2008,68473103476.6775,World Bank Open Data,2026-07-27
HRV,Croatia,NY.GDP.MKTP.CD,GDP (current US$),$,2009,62315450610.8524,World Bank Open Data,2026-07-27
HRV,Croatia,NY.GDP.MKTP.CD,GDP (current US$),$,2010,58975127200.9948,World Bank Open Data,2026-07-27
HRV,Croatia,NY.GDP.MKTP.CD,GDP (current US$),$,2011,62889150894.151,World Bank Open Data,2026-07-27
HRV,Croatia,NY.GDP.MKTP.CD,GDP (current US$),$,2012,57547495859.7306,World Bank Open Data,2026-07-27
HRV,Croatia,NY.GDP.MKTP.CD,GDP (current US$),$,2013,59846869998.8711,World Bank Open Data,2026-07-27
HRV,Croatia,NY.GDP.MKTP.CD,GDP (current US$),$,2014,59607109597.2123,World Bank Open Data,2026-07-27
HRV,Croatia,NY.GDP.MKTP.CD,GDP (current US$),$,2015,50999271058.5849,World Bank Open Data,2026-07-27
HRV,Croatia,NY.GDP.MKTP.CD,GDP (current US$),$,2016,52650804052.1394,World Bank Open Data,2026-07-27
HRV,Croatia,NY.GDP.MKTP.CD,GDP (current US$),$,2017,56182225079.1072,World Bank Open Data,2026-07-27
HRV,Croatia,NY.GDP.MKTP.CD,GDP (current US$),$,2018,61668280700.0968,World Bank Open Data,2026-07-27
HRV,Croatia,NY.GDP.MKTP.CD,GDP (current US$),$,2019,61467261345.012,World Bank Open Data,2026-07-27
HRV,Croatia,NY.GDP.MKTP.CD,GDP (current US$),$,2020,57959824238.1808,World Bank Open Data,2026-07-27
HRV,Croatia,NY.GDP.MKTP.CD,GDP (current US$),$,2021,69002262504.9821,World Bank Open Data,2026-07-27
HRV,Croatia,NY.GDP.MKTP.CD,GDP (current US$),$,2022,71196460236.6301,World Bank Open Data,2026-07-27
HRV,Croatia,NY.GDP.MKTP.CD,GDP (current US$),$,2023,85621337533.3348,World Bank Open Data,2026-07-27
HRV,Croatia,NY.GDP.MKTP.CD,GDP (current US$),$,2024,92981894167.9687,World Bank Open Data,2026-07-27
HRV,Croatia,NY.GDP.MKTP.CD,GDP (current US$),$,2025,105060182186.274,World Bank Open Data,2026-07-27
HRV,Croatia,NY.GDP.MKTP.KD.ZG,GDP growth (annual %),%,1991,-21.0886706590035,World Bank Open Data,2026-07-27
HRV,Croatia,NY.GDP.MKTP.KD.ZG,GDP growth (annual %),%,1992,-11.7132905102592,World Bank Open Data,2026-07-27
HRV,Croatia,NY.GDP.MKTP.KD.ZG,GDP growth (annual %),%,1993,-8.02558188400313,World Bank Open Data,2026-07-27
HRV,Croatia,NY.GDP.MKTP.KD.ZG,GDP growth (annual %),%,1994,5.87047464864034,World Bank Open Data,2026-07-27
HRV,Croatia,NY.GDP.MKTP.KD.ZG,GDP growth (annual %),%,1995,6.74972166914642,World Bank Open Data,2026-07-27
HRV,Croatia,NY.GDP.MKTP.KD.ZG,GDP growth (annual %),%,1996,6.11143125777198,World Bank Open Data,2026-07-27
HRV,Croatia,NY.GDP.MKTP.KD.ZG,GDP growth (annual %),%,1997,6.16532327216601,World Bank Open Data,2026-07-27
HRV,Croatia,NY.GDP.MKTP.KD.ZG,GDP growth (annual %),%,1998,2.25345287133511,World Bank Open Data,2026-07-27
HRV,Croatia,NY.GDP.MKTP.KD.ZG,GDP growth (annual %),%,1999,-0.850447604002099,World Bank Open Data,2026-07-27
HRV,Croatia,NY.GDP.MKTP.KD.ZG,GDP growth (annual %),%,2000,2.94765913375998,World Bank Open Data,2026-07-27
HRV,Croatia,NY.GDP.MKTP.KD.ZG,GDP growth (annual %),%,2001,3.11089328552634,World Bank Open Data,2026-07-27
HRV,Croatia,NY.GDP.MKTP.KD.ZG,GDP growth (annual %),%,2002,5.80141595577015,World Bank Open Data,2026-07-27
HRV,Croatia,NY.GDP.MKTP.KD.ZG,GDP growth (annual %),%,2003,5.56842901730823,World Bank Open Data,2026-07-27
HRV,Croatia,NY.GDP.MKTP.KD.ZG,GDP growth (annual %),%,2004,4.17049297825163,World Bank Open Data,2026-07-27
HRV,Croatia,NY.GDP.MKTP.KD.ZG,GDP growth (annual %),%,2005,4.32819454299167,World Bank Open Data,2026-07-27
HRV,Croatia,NY.GDP.MKTP.KD.ZG,GDP growth (annual %),%,2006,5.06986521577841,World Bank Open Data,2026-07-27
HRV,Croatia,NY.GDP.MKTP.KD.ZG,GDP growth (annual %),%,2007,5.04884076732965,World Bank Open Data,2026-07-27
HRV,Croatia,NY.GDP.MKTP.KD.ZG,GDP growth (annual %),%,2008,1.97176786914632,World Bank Open Data,2026-07-27
HRV,Croatia,NY.GDP.MKTP.KD.ZG,GDP growth (annual %),%,2009,-6.81168973851901,World Bank Open Data,2026-07-27
HRV,Croatia,NY.GDP.MKTP.KD.ZG,GDP growth (annual %),%,2010,-1.33616285467264,World Bank Open Data,2026-07-27
HRV,Croatia,NY.GDP.MKTP.KD.ZG,GDP growth (annual %),%,2011,-0.111527124990047,World Bank Open Data,2026-07-27
HRV,Croatia,NY.GDP.MKTP.KD.ZG,GDP growth (annual %),%,2012,-2.23702049605232,World Bank Open Data,2026-07-27
HRV,Croatia,NY.GDP.MKTP.KD.ZG,GDP growth (annual %),%,2013,-0.132561080066893,World Bank Open Data,2026-07-27
HRV,Croatia,NY.GDP.MKTP.KD.ZG,GDP growth (annual %),%,2014,-0.559537666687092,World Bank Open Data,2026-07-27
HRV,Croatia,NY.GDP.MKTP.KD.ZG,GDP growth (annual %),%,2015,2.32056679330526,World Bank Open Data,2026-07-27
HRV,Croatia,NY.GDP.MKTP.KD.ZG,GDP growth (annual %),%,2016,3.46613146011039,World Bank Open Data,2026-07-27
HRV,Croatia,NY.GDP.MKTP.KD.ZG,GDP growth (annual %),%,2017,3.2840626939789,World Bank Open Data,2026-07-27
HRV,Croatia,NY.GDP.MKTP.KD.ZG,GDP growth (annual %),%,2018,2.91107146210912,World Bank Open Data,2026-07-27
HRV,Croatia,NY.GDP.MKTP.KD.ZG,GDP growth (annual %),%,2019,3.10247285336254,World Bank Open Data,2026-07-27
HRV,Croatia,NY.GDP.MKTP.KD.ZG,GDP growth (annual %),%,2020,-8.31046995309319,World Bank Open Data,2026-07-27
HRV,Croatia,NY.GDP.MKTP.KD.ZG,GDP growth (annual %),%,2021,12.6312741312741,World Bank Open Data,2026-07-27
HRV,Croatia,NY.GDP.MKTP.KD.ZG,GDP growth (annual %),%,2022,7.29479114889533,World Bank Open Data,2026-07-27
HRV,Croatia,NY.GDP.MKTP.KD.ZG,GDP growth (annual %),%,2023,3.76204092717136,World Bank Open Data,2026-07-27
HRV,Croatia,NY.GDP.MKTP.KD.ZG,GDP growth (annual %),%,2024,3.82578440126859,World Bank Open Data,2026-07-27
HRV,Croatia,NY.GDP.MKTP.KD.ZG,GDP growth (annual %),%,2025,3.40307537181749,World Bank Open Data,2026-07-27
HRV,Croatia,NY.GDP.PCAP.PP.CD,"GDP per capita, PPP (current international $)",$,1990,9525.99430234074,World Bank Open Data,2026-07-27
HRV,Croatia,NY.GDP.PCAP.PP.CD,"GDP per capita, PPP (current international $)",$,1991,7917.72183131854,World Bank Open Data,2026-07-27
HRV,Croatia,NY.GDP.PCAP.PP.CD,"GDP per capita, PPP (current international $)",$,1992,7326.4729973385,World Bank Open Data,2026-07-27
HRV,Croatia,NY.GDP.PCAP.PP.CD,"GDP per capita, PPP (current international $)",$,1993,6861.25063171896,World Bank Open Data,2026-07-27
HRV,Croatia,NY.GDP.PCAP.PP.CD,"GDP per capita, PPP (current international $)",$,1994,7336.9097417069,World Bank Open Data,2026-07-27
HRV,Croatia,NY.GDP.PCAP.PP.CD,"GDP per capita, PPP (current international $)",$,1995,8051.72131393667,World Bank Open Data,2026-07-27
HRV,Croatia,NY.GDP.PCAP.PP.CD,"GDP per capita, PPP (current international $)",$,1996,8805.7877779071,World Bank Open Data,2026-07-27
HRV,Croatia,NY.GDP.PCAP.PP.CD,"GDP per capita, PPP (current international $)",$,1997,9535.64248083246,World Bank Open Data,2026-07-27
HRV,Croatia,NY.GDP.PCAP.PP.CD,"GDP per capita, PPP (current international $)",$,1998,9889.44049303294,World Bank Open Data,2026-07-27
HRV,Croatia,NY.GDP.PCAP.PP.CD,"GDP per capita, PPP (current international $)",$,1999,9942.599551566,World Bank Open Data,2026-07-27
HRV,Croatia,NY.GDP.PCAP.PP.CD,"GDP per capita, PPP (current international $)",$,2000,10674.4181187112,World Bank Open Data,2026-07-27
HRV,Croatia,NY.GDP.PCAP.PP.CD,"GDP per capita, PPP (current international $)",$,2001,11653.0274945787,World Bank Open Data,2026-07-27
HRV,Croatia,NY.GDP.PCAP.PP.CD,"GDP per capita, PPP (current international $)",$,2002,12774.6551389152,World Bank Open Data,2026-07-27
HRV,Croatia,NY.GDP.PCAP.PP.CD,"GDP per capita, PPP (current international $)",$,2003,13691.2872092509,World Bank Open Data,2026-07-27
HRV,Croatia,NY.GDP.PCAP.PP.CD,"GDP per capita, PPP (current international $)",$,2004,14686.1082157283,World Bank Open Data,2026-07-27
HRV,Croatia,NY.GDP.PCAP.PP.CD,"GDP per capita, PPP (current international $)",$,2005,15450.6908485826,World Bank Open Data,2026-07-27
HRV,Croatia,NY.GDP.PCAP.PP.CD,"GDP per capita, PPP (current international $)",$,2006,17628.7718376804,World Bank Open Data,2026-07-27
HRV,Croatia,NY.GDP.PCAP.PP.CD,"GDP per capita, PPP (current international $)",$,2007,19567.4938073523,World Bank Open Data,2026-07-27
HRV,Croatia,NY.GDP.PCAP.PP.CD,"GDP per capita, PPP (current international $)",$,2008,21018.1356310998,World Bank Open Data,2026-07-27
HRV,Croatia,NY.GDP.PCAP.PP.CD,"GDP per capita, PPP (current international $)",$,2009,20358.153970121,World Bank Open Data,2026-07-27
HRV,Croatia,NY.GDP.PCAP.PP.CD,"GDP per capita, PPP (current international $)",$,2010,20139.3171606116,World Bank Open Data,2026-07-27
HRV,Croatia,NY.GDP.PCAP.PP.CD,"GDP per capita, PPP (current international $)",$,2011,21190.7772144927,World Bank Open Data,2026-07-27
HRV,Croatia,NY.GDP.PCAP.PP.CD,"GDP per capita, PPP (current international $)",$,2012,21618.4587267283,World Bank Open Data,2026-07-27
HRV,Croatia,NY.GDP.PCAP.PP.CD,"GDP per capita, PPP (current international $)",$,2013,22430.1102453055,World Bank Open Data,2026-07-27
HRV,Croatia,NY.GDP.PCAP.PP.CD,"GDP per capita, PPP (current international $)",$,2014,22706.2761364179,World Bank Open Data,2026-07-27
HRV,Croatia,NY.GDP.PCAP.PP.CD,"GDP per capita, PPP (current international $)",$,2015,23749.8280957224,World Bank Open Data,2026-07-27
HRV,Croatia,NY.GDP.PCAP.PP.CD,"GDP per capita, PPP (current international $)",$,2016,25802.8242312486,World Bank Open Data,2026-07-27
HRV,Croatia,NY.GDP.PCAP.PP.CD,"GDP per capita, PPP (current international $)",$,2017,27887.4600052514,World Bank Open Data,2026-07-27
HRV,Croatia,NY.GDP.PCAP.PP.CD,"GDP per capita, PPP (current international $)",$,2018,29789.4340021154,World Bank Open Data,2026-07-27
HRV,Croatia,NY.GDP.PCAP.PP.CD,"GDP per capita, PPP (current international $)",$,2019,33063.9987060793,World Bank Open Data,2026-07-27
HRV,Croatia,NY.GDP.PCAP.PP.CD,"GDP per capita, PPP (current international $)",$,2020,31594.0082486835,World Bank Open Data,2026-07-27
HRV,Croatia,NY.GDP.PCAP.PP.CD,"GDP per capita, PPP (current international $)",$,2021,36930.076102199,World Bank Open Data,2026-07-27
HRV,Croatia,NY.GDP.PCAP.PP.CD,"GDP per capita, PPP (current international $)",$,2022,42125.1926231817,World Bank Open Data,2026-07-27
HRV,Croatia,NY.GDP.PCAP.PP.CD,"GDP per capita, PPP (current international $)",$,2023,47759.6272293173,World Bank Open Data,2026-07-27
HRV,Croatia,NY.GDP.PCAP.PP.CD,"GDP per capita, PPP (current international $)",$,2024,49550.8073348367,World Bank Open Data,2026-07-27
HRV,Croatia,NY.GDP.PCAP.PP.CD,"GDP per capita, PPP (current international $)",$,2025,50946.1671131832,World Bank Open Data,2026-07-27
HRV,Croatia,NY.GNP.PCAP.PP.CD,"GNI per capita, PPP (current international $)",$,1999,9730,World Bank Open Data,2026-07-27
HRV,Croatia,NY.GNP.PCAP.PP.CD,"GNI per capita, PPP (current international $)",$,2000,10490,World Bank Open Data,2026-07-27
HRV,Croatia,NY.GNP.PCAP.PP.CD,"GNI per capita, PPP (current international $)",$,2001,11410,World Bank Open Data,2026-07-27
HRV,Croatia,NY.GNP.PCAP.PP.CD,"GNI per capita, PPP (current international $)",$,2002,12560,World Bank Open Data,2026-07-27
HRV,Croatia,NY.GNP.PCAP.PP.CD,"GNI per capita, PPP (current international $)",$,2003,13250,World Bank Open Data,2026-07-27
HRV,Croatia,NY.GNP.PCAP.PP.CD,"GNI per capita, PPP (current international $)",$,2004,14440,World Bank Open Data,2026-07-27
HRV,Croatia,NY.GNP.PCAP.PP.CD,"GNI per capita, PPP (current international $)",$,2005,15090,World Bank Open Data,2026-07-27
HRV,Croatia,NY.GNP.PCAP.PP.CD,"GNI per capita, PPP (current international $)",$,2006,17180,World Bank Open Data,2026-07-27
HRV,Croatia,NY.GNP.PCAP.PP.CD,"GNI per capita, PPP (current international $)",$,2007,19120,World Bank Open Data,2026-07-27
HRV,Croatia,NY.GNP.PCAP.PP.CD,"GNI per capita, PPP (current international $)",$,2008,20370,World Bank Open Data,2026-07-27
HRV,Croatia,NY.GNP.PCAP.PP.CD,"GNI per capita, PPP (current international $)",$,2009,19610,World Bank Open Data,2026-07-27
HRV,Croatia,NY.GNP.PCAP.PP.CD,"GNI per capita, PPP (current international $)",$,2010,19450,World Bank Open Data,2026-07-27
HRV,Croatia,NY.GNP.PCAP.PP.CD,"GNI per capita, PPP (current international $)",$,2011,20570,World Bank Open Data,2026-07-27
HRV,Croatia,NY.GNP.PCAP.PP.CD,"GNI per capita, PPP (current international $)",$,2012,20930,World Bank Open Data,2026-07-27
HRV,Croatia,NY.GNP.PCAP.PP.CD,"GNI per capita, PPP (current international $)",$,2013,22010,World Bank Open Data,2026-07-27
HRV,Croatia,NY.GNP.PCAP.PP.CD,"GNI per capita, PPP (current international $)",$,2014,22390,World Bank Open Data,2026-07-27
HRV,Croatia,NY.GNP.PCAP.PP.CD,"GNI per capita, PPP (current international $)",$,2015,23690,World Bank Open Data,2026-07-27
HRV,Croatia,NY.GNP.PCAP.PP.CD,"GNI per capita, PPP (current international $)",$,2016,25340,World Bank Open Data,2026-07-27
HRV,Croatia,NY.GNP.PCAP.PP.CD,"GNI per capita, PPP (current international $)",$,2017,27800,World Bank Open Data,2026-07-27
HRV,Croatia,NY.GNP.PCAP.PP.CD,"GNI per capita, PPP (current international $)",$,2018,29470,World Bank Open Data,2026-07-27
HRV,Croatia,NY.GNP.PCAP.PP.CD,"GNI per capita, PPP (current international $)",$,2019,32890,World Bank Open Data,2026-07-27
HRV,Croatia,NY.GNP.PCAP.PP.CD,"GNI per capita, PPP (current international $)",$,2020,31970,World Bank Open Data,2026-07-27
HRV,Croatia,NY.GNP.PCAP.PP.CD,"GNI per capita, PPP (current international $)",$,2021,36690,World Bank Open Data,2026-07-27
HRV,Croatia,NY.GNP.PCAP.PP.CD,"GNI per capita, PPP (current international $)",$,2022,41960,World Bank Open Data,2026-07-27
HRV,Croatia,NY.GNP.PCAP.PP.CD,"GNI per capita, PPP (current international $)",$,2023,47710,World Bank Open Data,2026-07-27
HRV,Croatia,NY.GNP.PCAP.PP.CD,"GNI per capita, PPP (current international $)",$,2024,49700,World Bank Open Data,2026-07-27
HRV,Croatia,NY.GNP.PCAP.PP.CD,"GNI per capita, PPP (current international $)",$,2025,50410,World Bank Open Data,2026-07-27
HRV,Croatia,SI.POV.GINI,Gini index,index,1998,28.7,World Bank Open Data,2026-07-27
HRV,Croatia,SI.POV.GINI,Gini index,index,1999,27.6,World Bank Open Data,2026-07-27
HRV,Croatia,SI.POV.GINI,Gini index,index,2000,31.3,World Bank Open Data,2026-07-27
HRV,Croatia,SI.POV.GINI,Gini index,index,2001,31.1,World Bank Open Data,2026-07-27
HRV,Croatia,SI.POV.GINI,Gini index,index,2004,29.7,World Bank Open Data,2026-07-27
HRV,Croatia,SI.POV.GINI,Gini index,index,2008,33.7,World Bank Open Data,2026-07-27
HRV,Croatia,SI.POV.GINI,Gini index,index,2009,32.6,World Bank Open Data,2026-07-27
HRV,Croatia,SI.POV.GINI,Gini index,index,2010,32.4,World Bank Open Data,2026-07-27
HRV,Croatia,SI.POV.GINI,Gini index,index,2011,32.3,World Bank Open Data,2026-07-27
HRV,Croatia,SI.POV.GINI,Gini index,index,2012,32.5,World Bank Open Data,2026-07-27
HRV,Croatia,SI.POV.GINI,Gini index,index,2013,32,World Bank Open Data,2026-07-27
HRV,Croatia,SI.POV.GINI,Gini index,index,2014,32.1,World Bank Open Data,2026-07-27
HRV,Croatia,SI.POV.GINI,Gini index,index,2015,31.1,World Bank Open Data,2026-07-27
HRV,Croatia,SI.POV.GINI,Gini index,index,2016,30.9,World Bank Open Data,2026-07-27
HRV,Croatia,SI.POV.GINI,Gini index,index,2017,30.4,World Bank Open Data,2026-07-27
HRV,Croatia,SI.POV.GINI,Gini index,index,2018,29.7,World Bank Open Data,2026-07-27
HRV,Croatia,SI.POV.GINI,Gini index,index,2019,28.9,World Bank Open Data,2026-07-27
HRV,Croatia,SI.POV.GINI,Gini index,index,2020,29.5,World Bank Open Data,2026-07-27
HRV,Croatia,SI.POV.GINI,Gini index,index,2021,28.9,World Bank Open Data,2026-07-27
HRV,Croatia,SI.POV.GINI,Gini index,index,2022,30,World Bank Open Data,2026-07-27
HRV,Croatia,SI.POV.GINI,Gini index,index,2023,30.1,World Bank Open Data,2026-07-27
HRV,Croatia,SL.UEM.TOTL.ZS,"Unemployment, total (% of total labor force) (modeled ILO estimate)",%,1991,11.14,World Bank Open Data,2026-07-27
HRV,Croatia,SL.UEM.TOTL.ZS,"Unemployment, total (% of total labor force) (modeled ILO estimate)",%,1992,10.974,World Bank Open Data,2026-07-27
HRV,Croatia,SL.UEM.TOTL.ZS,"Unemployment, total (% of total labor force) (modeled ILO estimate)",%,1993,10.779,World Bank Open Data,2026-07-27
HRV,Croatia,SL.UEM.TOTL.ZS,"Unemployment, total (% of total labor force) (modeled ILO estimate)",%,1994,10.364,World Bank Open Data,2026-07-27
HRV,Croatia,SL.UEM.TOTL.ZS,"Unemployment, total (% of total labor force) (modeled ILO estimate)",%,1995,10.007,World Bank Open Data,2026-07-27
HRV,Croatia,SL.UEM.TOTL.ZS,"Unemployment, total (% of total labor force) (modeled ILO estimate)",%,1996,9.68,World Bank Open Data,2026-07-27
HRV,Croatia,SL.UEM.TOTL.ZS,"Unemployment, total (% of total labor force) (modeled ILO estimate)",%,1997,9.71,World Bank Open Data,2026-07-27
HRV,Croatia,SL.UEM.TOTL.ZS,"Unemployment, total (% of total labor force) (modeled ILO estimate)",%,1998,11.392,World Bank Open Data,2026-07-27
HRV,Croatia,SL.UEM.TOTL.ZS,"Unemployment, total (% of total labor force) (modeled ILO estimate)",%,1999,13.559,World Bank Open Data,2026-07-27
HRV,Croatia,SL.UEM.TOTL.ZS,"Unemployment, total (% of total labor force) (modeled ILO estimate)",%,2000,16.064,World Bank Open Data,2026-07-27
HRV,Croatia,SL.UEM.TOTL.ZS,"Unemployment, total (% of total labor force) (modeled ILO estimate)",%,2001,15.822,World Bank Open Data,2026-07-27
HRV,Croatia,SL.UEM.TOTL.ZS,"Unemployment, total (% of total labor force) (modeled ILO estimate)",%,2002,15.053,World Bank Open Data,2026-07-27
HRV,Croatia,SL.UEM.TOTL.ZS,"Unemployment, total (% of total labor force) (modeled ILO estimate)",%,2003,13.924,World Bank Open Data,2026-07-27
HRV,Croatia,SL.UEM.TOTL.ZS,"Unemployment, total (% of total labor force) (modeled ILO estimate)",%,2004,13.664,World Bank Open Data,2026-07-27
HRV,Croatia,SL.UEM.TOTL.ZS,"Unemployment, total (% of total labor force) (modeled ILO estimate)",%,2005,12.598,World Bank Open Data,2026-07-27
HRV,Croatia,SL.UEM.TOTL.ZS,"Unemployment, total (% of total labor force) (modeled ILO estimate)",%,2006,11.13,World Bank Open Data,2026-07-27
HRV,Croatia,SL.UEM.TOTL.ZS,"Unemployment, total (% of total labor force) (modeled ILO estimate)",%,2007,9.909,World Bank Open Data,2026-07-27
HRV,Croatia,SL.UEM.TOTL.ZS,"Unemployment, total (% of total labor force) (modeled ILO estimate)",%,2008,8.53,World Bank Open Data,2026-07-27
HRV,Croatia,SL.UEM.TOTL.ZS,"Unemployment, total (% of total labor force) (modeled ILO estimate)",%,2009,9.202,World Bank Open Data,2026-07-27
HRV,Croatia,SL.UEM.TOTL.ZS,"Unemployment, total (% of total labor force) (modeled ILO estimate)",%,2010,11.62,World Bank Open Data,2026-07-27
HRV,Croatia,SL.UEM.TOTL.ZS,"Unemployment, total (% of total labor force) (modeled ILO estimate)",%,2011,13.678,World Bank Open Data,2026-07-27
HRV,Croatia,SL.UEM.TOTL.ZS,"Unemployment, total (% of total labor force) (modeled ILO estimate)",%,2012,16.046,World Bank Open Data,2026-07-27
HRV,Croatia,SL.UEM.TOTL.ZS,"Unemployment, total (% of total labor force) (modeled ILO estimate)",%,2013,17.231,World Bank Open Data,2026-07-27
HRV,Croatia,SL.UEM.TOTL.ZS,"Unemployment, total (% of total labor force) (modeled ILO estimate)",%,2014,17.209,World Bank Open Data,2026-07-27
HRV,Croatia,SL.UEM.TOTL.ZS,"Unemployment, total (% of total labor force) (modeled ILO estimate)",%,2015,16.15,World Bank Open Data,2026-07-27
HRV,Croatia,SL.UEM.TOTL.ZS,"Unemployment, total (% of total labor force) (modeled ILO estimate)",%,2016,13.015,World Bank Open Data,2026-07-27
HRV,Croatia,SL.UEM.TOTL.ZS,"Unemployment, total (% of total labor force) (modeled ILO estimate)",%,2017,11.078,World Bank Open Data,2026-07-27
HRV,Croatia,SL.UEM.TOTL.ZS,"Unemployment, total (% of total labor force) (modeled ILO estimate)",%,2018,8.322,World Bank Open Data,2026-07-27
HRV,Croatia,SL.UEM.TOTL.ZS,"Unemployment, total (% of total labor force) (modeled ILO estimate)",%,2019,6.551,World Bank Open Data,2026-07-27
HRV,Croatia,SL.UEM.TOTL.ZS,"Unemployment, total (% of total labor force) (modeled ILO estimate)",%,2020,7.389,World Bank Open Data,2026-07-27
HRV,Croatia,SL.UEM.TOTL.ZS,"Unemployment, total (% of total labor force) (modeled ILO estimate)",%,2021,7.483,World Bank Open Data,2026-07-27
HRV,Croatia,SL.UEM.TOTL.ZS,"Unemployment, total (% of total labor force) (modeled ILO estimate)",%,2022,6.811,World Bank Open Data,2026-07-27
HRV,Croatia,SL.UEM.TOTL.ZS,"Unemployment, total (% of total labor force) (modeled ILO estimate)",%,2023,6.121,World Bank Open Data,2026-07-27
HRV,Croatia,SL.UEM.TOTL.ZS,"Unemployment, total (% of total labor force) (modeled ILO estimate)",%,2024,5,World Bank Open Data,2026-07-27
HRV,Croatia,SL.UEM.TOTL.ZS,"Unemployment, total (% of total labor force) (modeled ILO estimate)",%,2025,5.002,World Bank Open Data,2026-07-27
HRV,Croatia,SM.POP.NETM,Net migration,count,1990,9538,World Bank Open Data,2026-07-27
HRV,Croatia,SM.POP.NETM,Net migration,count,1991,-31968,World Bank Open Data,2026-07-27
HRV,Croatia,SM.POP.NETM,Net migration,count,1992,-47865,World Bank Open Data,2026-07-27
HRV,Croatia,SM.POP.NETM,Net migration,count,1993,-49615,World Bank Open Data,2026-07-27
HRV,Croatia,SM.POP.NETM,Net migration,count,1994,-50444,World Bank Open Data,2026-07-27
HRV,Croatia,SM.POP.NETM,Net migration,count,1995,-51882,World Bank Open Data,2026-07-27
HRV,Croatia,SM.POP.NETM,Net migration,count,1996,-53688,World Bank Open Data,2026-07-27
HRV,Croatia,SM.POP.NETM,Net migration,count,1997,-52897,World Bank Open Data,2026-07-27
HRV,Croatia,SM.POP.NETM,Net migration,count,1998,-47931,World Bank Open Data,2026-07-27
HRV,Croatia,SM.POP.NETM,Net migration,count,1999,-47418,World Bank Open Data,2026-07-27
HRV,Croatia,SM.POP.NETM,Net migration,count,2000,-47629,World Bank Open Data,2026-07-27
HRV,Croatia,SM.POP.NETM,Net migration,count,2001,19298,World Bank Open Data,2026-07-27
HRV,Croatia,SM.POP.NETM,Net migration,count,2002,10306,World Bank Open Data,2026-07-27
HRV,Croatia,SM.POP.NETM,Net migration,count,2003,12556,World Bank Open Data,2026-07-27
HRV,Croatia,SM.POP.NETM,Net migration,count,2004,15445,World Bank Open Data,2026-07-27
HRV,Croatia,SM.POP.NETM,Net migration,count,2005,10629,World Bank Open Data,2026-07-27
HRV,Croatia,SM.POP.NETM,Net migration,count,2006,10852,World Bank Open Data,2026-07-27
HRV,Croatia,SM.POP.NETM,Net migration,count,2007,8893,World Bank Open Data,2026-07-27
HRV,Croatia,SM.POP.NETM,Net migration,count,2008,6495,World Bank Open Data,2026-07-27
HRV,Croatia,SM.POP.NETM,Net migration,count,2009,1358,World Bank Open Data,2026-07-27
HRV,Croatia,SM.POP.NETM,Net migration,count,2010,-3995,World Bank Open Data,2026-07-27
HRV,Croatia,SM.POP.NETM,Net migration,count,2011,-17463,World Bank Open Data,2026-07-27
HRV,Croatia,SM.POP.NETM,Net migration,count,2012,-4794,World Bank Open Data,2026-07-27
HRV,Croatia,SM.POP.NETM,Net migration,count,2013,-6245,World Bank Open Data,2026-07-27
HRV,Croatia,SM.POP.NETM,Net migration,count,2014,-13127,World Bank Open Data,2026-07-27
HRV,Croatia,SM.POP.NETM,Net migration,count,2015,-27501,World Bank Open Data,2026-07-27
HRV,Croatia,SM.POP.NETM,Net migration,count,2016,-32144,World Bank Open Data,2026-07-27
HRV,Croatia,SM.POP.NETM,Net migration,count,2017,-44557,World Bank Open Data,2026-07-27
HRV,Croatia,SM.POP.NETM,Net migration,count,2018,-25016,World Bank Open Data,2026-07-27
HRV,Croatia,SM.POP.NETM,Net migration,count,2019,-13239,World Bank Open Data,2026-07-27
HRV,Croatia,SM.POP.NETM,Net migration,count,2020,-8552,World Bank Open Data,2026-07-27
HRV,Croatia,SM.POP.NETM,Net migration,count,2021,-4517,World Bank Open Data,2026-07-27
HRV,Croatia,SM.POP.NETM,Net migration,count,2022,11681,World Bank Open Data,2026-07-27
HRV,Croatia,SM.POP.NETM,Net migration,count,2023,10202,World Bank Open Data,2026-07-27
HRV,Croatia,SM.POP.NETM,Net migration,count,2024,-5186,World Bank Open Data,2026-07-27
HRV,Croatia,SM.POP.NETM,Net migration,count,2025,-3481,World Bank Open Data,2026-07-27
HRV,Croatia,ST.INT.ARVL,"International tourism, number of arrivals",count,1995,16100000,World Bank Open Data,2026-07-27
HRV,Croatia,ST.INT.ARVL,"International tourism, number of arrivals",count,1996,19085000,World Bank Open Data,2026-07-27
HRV,Croatia,ST.INT.ARVL,"International tourism, number of arrivals",count,1997,23660000,World Bank Open Data,2026-07-27
HRV,Croatia,ST.INT.ARVL,"International tourism, number of arrivals",count,1998,25499000,World Bank Open Data,2026-07-27
HRV,Croatia,ST.INT.ARVL,"International tourism, number of arrivals",count,1999,29215000,World Bank Open Data,2026-07-27
HRV,Croatia,ST.INT.ARVL,"International tourism, number of arrivals",count,2000,37226000,World Bank Open Data,2026-07-27
HRV,Croatia,ST.INT.ARVL,"International tourism, number of arrivals",count,2001,40129000,World Bank Open Data,2026-07-27
HRV,Croatia,ST.INT.ARVL,"International tourism, number of arrivals",count,2002,41737000,World Bank Open Data,2026-07-27
HRV,Croatia,ST.INT.ARVL,"International tourism, number of arrivals",count,2003,42857000,World Bank Open Data,2026-07-27
HRV,Croatia,ST.INT.ARVL,"International tourism, number of arrivals",count,2004,44974000,World Bank Open Data,2026-07-27
HRV,Croatia,ST.INT.ARVL,"International tourism, number of arrivals",count,2005,45762000,World Bank Open Data,2026-07-27
HRV,Croatia,ST.INT.ARVL,"International tourism, number of arrivals",count,2006,47733000,World Bank Open Data,2026-07-27
HRV,Croatia,ST.INT.ARVL,"International tourism, number of arrivals",count,2007,52271000,World Bank Open Data,2026-07-27
HRV,Croatia,ST.INT.ARVL,"International tourism, number of arrivals",count,2008,51336000,World Bank Open Data,2026-07-27
HRV,Croatia,ST.INT.ARVL,"International tourism, number of arrivals",count,2009,47573000,World Bank Open Data,2026-07-27
HRV,Croatia,ST.INT.ARVL,"International tourism, number of arrivals",count,2010,49006000,World Bank Open Data,2026-07-27
HRV,Croatia,ST.INT.ARVL,"International tourism, number of arrivals",count,2011,49969000,World Bank Open Data,2026-07-27
HRV,Croatia,ST.INT.ARVL,"International tourism, number of arrivals",count,2012,47185000,World Bank Open Data,2026-07-27
HRV,Croatia,ST.INT.ARVL,"International tourism, number of arrivals",count,2013,48345000,World Bank Open Data,2026-07-27
HRV,Croatia,ST.INT.ARVL,"International tourism, number of arrivals",count,2014,51168000,World Bank Open Data,2026-07-27
HRV,Croatia,ST.INT.ARVL,"International tourism, number of arrivals",count,2015,55858000,World Bank Open Data,2026-07-27
HRV,Croatia,ST.INT.ARVL,"International tourism, number of arrivals",count,2016,57587000,World Bank Open Data,2026-07-27
HRV,Croatia,ST.INT.ARVL,"International tourism, number of arrivals",count,2017,59238000,World Bank Open Data,2026-07-27
HRV,Croatia,ST.INT.ARVL,"International tourism, number of arrivals",count,2018,57668000,World Bank Open Data,2026-07-27
HRV,Croatia,ST.INT.ARVL,"International tourism, number of arrivals",count,2019,60021000,World Bank Open Data,2026-07-27
HRV,Croatia,ST.INT.ARVL,"International tourism, number of arrivals",count,2020,21608000,World Bank Open Data,2026-07-27
